-- ============================================================
-- 새림 ERP - CEO 데모용 시뮬레이션 데이터
-- 기간: 2026-04-01 ~ 2026-04-15 (최근 2주)
-- 안전 실행: ON CONFLICT DO NOTHING 또는 DO UPDATE 사용
-- ============================================================


-- ────────────────────────────────────────────────────────────
-- 0. 테이블 생성 (아직 없을 수 있는 테이블)
-- ────────────────────────────────────────────────────────────

-- 유틸리티 비용 월별 기록
CREATE TABLE IF NOT EXISTS utility_logs (
  id                 uuid DEFAULT gen_random_uuid() PRIMARY KEY,
  log_month          text NOT NULL UNIQUE,           -- '2026-01' 형식
  electricity_kwh    numeric DEFAULT 0,
  electricity_cost   numeric DEFAULT 0,
  water_tap_ton      numeric DEFAULT 0,
  water_tap_cost     numeric DEFAULT 0,
  water_ground_ton   numeric DEFAULT 0,
  water_ground_cost  numeric DEFAULT 0,
  gas_m3             numeric DEFAULT 0,
  gas_cost           numeric DEFAULT 0,
  total_cost         numeric DEFAULT 0,
  memo               text,
  recorded_by        text,
  created_at         timestamptz DEFAULT now()
);
ALTER TABLE utility_logs DISABLE ROW LEVEL SECURITY;

-- 설비 수리 이력
CREATE TABLE IF NOT EXISTS maintenance_logs (
  id               uuid DEFAULT gen_random_uuid() PRIMARY KEY,
  equipment_name   text NOT NULL,
  dept             text DEFAULT '생산팀',
  log_date         date NOT NULL,
  log_type         text DEFAULT '점검',     -- 점검, 수리, 교체
  description      text,
  parts_used       text,
  cost             numeric DEFAULT 0,
  technician       text,
  result           text DEFAULT '완료',     -- 완료, 진행중, 보류
  next_check_date  date,
  recorded_by      text,
  created_at       timestamptz DEFAULT now()
);
ALTER TABLE maintenance_logs DISABLE ROW LEVEL SECURITY;


-- ────────────────────────────────────────────────────────────
-- 1. 생산일지 (production_logs) — 30 rows
--    생산팀 / 가공팀 / 스킨팀, 평일만 (4/1~4/15)
--    yield_rate는 GENERATED ALWAYS 컬럼이므로 제외
-- ────────────────────────────────────────────────────────────

INSERT INTO production_logs
  (work_date, worker_id, worker_name, dept, product_id, product_name,
   input_qty, output_qty, waste_qty, pack_qty, issue_note, status)
VALUES
  -- 4/1 (화)
  ('2026-04-01','w_prod1','김현수','생산팀','P001','통머리',      680, 612, 68, 0,   NULL, 'approved'),
  ('2026-04-01','w_prod2','이민준','생산팀','P003','귀',          420, 378, 42, 0,   NULL, 'approved'),
  ('2026-04-01','w_proc1','박서연','가공팀','P022','막창',        350, 308, 42, 154, NULL, 'approved'),
  -- 4/2 (수)
  ('2026-04-02','w_prod1','김현수','생산팀','P002','조각머리',    550, 495, 55, 0,   NULL, 'approved'),
  ('2026-04-02','w_proc2','최태양','가공팀','P005','혀',          380, 342, 38, 171, NULL, 'approved'),
  ('2026-04-02','w_skin1','정하늘','스킨팀','P041','껍데기(자숙)',480, 422, 58, 211, NULL, 'approved'),
  -- 4/3 (목)
  ('2026-04-03','w_prod1','김현수','생산팀','P001','통머리',      720, 655, 65, 0,   '3라인 컨베이어 미세 진동', 'approved'),
  ('2026-04-03','w_prod2','이민준','생산팀','P050','두골',        300, 270, 30, 0,   NULL, 'approved'),
  ('2026-04-03','w_proc1','박서연','가공팀','P043','족발(생)',    450, 396, 54, 198, NULL, 'approved'),
  -- 4/4 (금)
  ('2026-04-04','w_prod1','김현수','생산팀','P003','귀',          380, 346, 34, 0,   NULL, 'approved'),
  ('2026-04-04','w_proc2','최태양','가공팀','P022','막창',        400, 356, 44, 178, NULL, 'approved'),
  ('2026-04-04','w_skin1','정하늘','스킨팀','P041','껍데기(자숙)',510, 454, 56, 227, NULL, 'approved'),
  -- 4/7 (월)
  ('2026-04-07','w_prod1','김현수','생산팀','P001','통머리',      750, 682, 68, 0,   NULL, 'approved'),
  ('2026-04-07','w_prod2','이민준','생산팀','P051','등뼈',        320, 285, 35, 0,   NULL, 'approved'),
  ('2026-04-07','w_proc1','박서연','가공팀','P005','혀',          360, 324, 36, 162, NULL, 'approved'),
  ('2026-04-07','w_skin1','정하늘','스킨팀','P043','족발(생)',    420, 374, 46, 187, NULL, 'reviewed'),
  -- 4/8 (화)
  ('2026-04-08','w_prod1','김현수','생산팀','P002','조각머리',    600, 546, 54, 0,   NULL, 'reviewed'),
  ('2026-04-08','w_proc2','최태양','가공팀','P022','막창',        380, 338, 42, 169, NULL, 'reviewed'),
  ('2026-04-08','w_skin1','정하늘','스킨팀','P041','껍데기(자숙)',460, 405, 55, 202, NULL, 'reviewed'),
  -- 4/9 (수)
  ('2026-04-09','w_prod1','김현수','생산팀','P001','통머리',      700, 637, 63, 0,   NULL, 'reviewed'),
  ('2026-04-09','w_prod2','이민준','생산팀','P003','귀',          450, 405, 45, 0,   NULL, 'reviewed'),
  ('2026-04-09','w_proc1','박서연','가공팀','P043','족발(생)',    400, 356, 44, 178, NULL, 'reviewed'),
  -- 4/10 (목)
  ('2026-04-10','w_prod1','김현수','생산팀','P050','두골',        340, 306, 34, 0,   NULL, 'submitted'),
  ('2026-04-10','w_proc2','최태양','가공팀','P005','혀',          350, 315, 35, 157, NULL, 'submitted'),
  -- 4/11 (금)
  ('2026-04-11','w_prod1','김현수','생산팀','P001','통머리',      780, 710, 70, 0,   '수율 91% — 정상 범위', 'submitted'),
  ('2026-04-11','w_proc1','박서연','가공팀','P022','막창',        360, 320, 40, 160, NULL, 'submitted'),
  ('2026-04-11','w_skin1','정하늘','스킨팀','P041','껍데기(자숙)',500, 440, 60, 220, NULL, 'submitted'),
  -- 4/14 (월)
  ('2026-04-14','w_prod1','김현수','생산팀','P002','조각머리',    580, 527, 53, 0,   NULL, 'submitted'),
  ('2026-04-14','w_prod2','이민준','생산팀','P051','등뼈',        310, 276, 34, 0,   NULL, 'submitted'),
  -- 4/15 (화)
  ('2026-04-15','w_prod1','김현수','생산팀','P001','통머리',      730, 664, 66, 0,   NULL, 'submitted')
ON CONFLICT DO NOTHING;


-- ────────────────────────────────────────────────────────────
-- 2. 위생점검 (hygiene_checks) — 15 rows
--    평일 매일 1건, 다양한 작업자
-- ────────────────────────────────────────────────────────────

INSERT INTO hygiene_checks (check_date, worker_id, worker_name, dept, items)
VALUES
  ('2026-04-01','w_prod1','김현수','생산팀',
   '{"해동육 일지 작성 완료":true,"냉장 온도 0~5°C 확인":true,"냉동 온도 -18°C 이하 확인":true,"원료·완제품 이격 15cm 이상":true,"포장재 별도 보관 확인":true,"부적합품 별도 구역 보관":true,"폐기물 밀폐 보관":true,"작업자 위생복·위생모 착용":true,"손 세척 설비 정상 가동":true,"성애 제거 완료":true}'::jsonb),
  ('2026-04-02','w_qual1','한지수','품질팀',
   '{"해동육 일지 작성 완료":true,"냉장 온도 0~5°C 확인":true,"냉동 온도 -18°C 이하 확인":true,"원료·완제품 이격 15cm 이상":true,"포장재 별도 보관 확인":true,"부적합품 별도 구역 보관":true,"폐기물 밀폐 보관":true,"작업자 위생복·위생모 착용":true,"손 세척 설비 정상 가동":true,"성애 제거 완료":true}'::jsonb),
  ('2026-04-03','w_prod2','이민준','생산팀',
   '{"해동육 일지 작성 완료":true,"냉장 온도 0~5°C 확인":true,"냉동 온도 -18°C 이하 확인":false,"원료·완제품 이격 15cm 이상":true,"포장재 별도 보관 확인":true,"부적합품 별도 구역 보관":true,"폐기물 밀폐 보관":true,"작업자 위생복·위생모 착용":true,"손 세척 설비 정상 가동":true,"성애 제거 완료":true}'::jsonb),
  ('2026-04-04','w_proc1','박서연','가공팀',
   '{"해동육 일지 작성 완료":true,"냉장 온도 0~5°C 확인":true,"냉동 온도 -18°C 이하 확인":true,"원료·완제품 이격 15cm 이상":true,"포장재 별도 보관 확인":true,"부적합품 별도 구역 보관":true,"폐기물 밀폐 보관":true,"작업자 위생복·위생모 착용":true,"손 세척 설비 정상 가동":true,"성애 제거 완료":true}'::jsonb),
  ('2026-04-07','w_qual1','한지수','품질팀',
   '{"해동육 일지 작성 완료":true,"냉장 온도 0~5°C 확인":true,"냉동 온도 -18°C 이하 확인":true,"원료·완제품 이격 15cm 이상":true,"포장재 별도 보관 확인":true,"부적합품 별도 구역 보관":true,"폐기물 밀폐 보관":true,"작업자 위생복·위생모 착용":true,"손 세척 설비 정상 가동":true,"성애 제거 완료":true}'::jsonb),
  ('2026-04-08','w_prod1','김현수','생산팀',
   '{"해동육 일지 작성 완료":true,"냉장 온도 0~5°C 확인":true,"냉동 온도 -18°C 이하 확인":true,"원료·완제품 이격 15cm 이상":true,"포장재 별도 보관 확인":true,"부적합품 별도 구역 보관":false,"폐기물 밀폐 보관":true,"작업자 위생복·위생모 착용":true,"손 세척 설비 정상 가동":true,"성애 제거 완료":true}'::jsonb),
  ('2026-04-09','w_proc2','최태양','가공팀',
   '{"해동육 일지 작성 완료":true,"냉장 온도 0~5°C 확인":true,"냉동 온도 -18°C 이하 확인":true,"원료·완제품 이격 15cm 이상":true,"포장재 별도 보관 확인":true,"부적합품 별도 구역 보관":true,"폐기물 밀폐 보관":true,"작업자 위생복·위생모 착용":true,"손 세척 설비 정상 가동":true,"성애 제거 완료":true}'::jsonb),
  ('2026-04-10','w_qual1','한지수','품질팀',
   '{"해동육 일지 작성 완료":true,"냉장 온도 0~5°C 확인":true,"냉동 온도 -18°C 이하 확인":true,"원료·완제품 이격 15cm 이상":true,"포장재 별도 보관 확인":true,"부적합품 별도 구역 보관":true,"폐기물 밀폐 보관":true,"작업자 위생복·위생모 착용":true,"손 세척 설비 정상 가동":true,"성애 제거 완료":true}'::jsonb),
  ('2026-04-11','w_skin1','정하늘','스킨팀',
   '{"해동육 일지 작성 완료":true,"냉장 온도 0~5°C 확인":true,"냉동 온도 -18°C 이하 확인":true,"원료·완제품 이격 15cm 이상":false,"포장재 별도 보관 확인":true,"부적합품 별도 구역 보관":true,"폐기물 밀폐 보관":true,"작업자 위생복·위생모 착용":true,"손 세척 설비 정상 가동":false,"성애 제거 완료":true}'::jsonb),
  ('2026-04-14','w_prod1','김현수','생산팀',
   '{"해동육 일지 작성 완료":true,"냉장 온도 0~5°C 확인":true,"냉동 온도 -18°C 이하 확인":true,"원료·완제품 이격 15cm 이상":true,"포장재 별도 보관 확인":true,"부적합품 별도 구역 보관":true,"폐기물 밀폐 보관":true,"작업자 위생복·위생모 착용":true,"손 세척 설비 정상 가동":true,"성애 제거 완료":true}'::jsonb),
  ('2026-04-15','w_qual1','한지수','품질팀',
   '{"해동육 일지 작성 완료":true,"냉장 온도 0~5°C 확인":true,"냉동 온도 -18°C 이하 확인":true,"원료·완제품 이격 15cm 이상":true,"포장재 별도 보관 확인":true,"부적합품 별도 구역 보관":true,"폐기물 밀폐 보관":true,"작업자 위생복·위생모 착용":true,"손 세척 설비 정상 가동":true,"성애 제거 완료":true}'::jsonb),
  -- 추가 4건 (주말 제외 빈 날짜 채움)
  ('2026-04-05','w_prod2','이민준','생산팀',
   '{"해동육 일지 작성 완료":true,"냉장 온도 0~5°C 확인":true,"냉동 온도 -18°C 이하 확인":true,"원료·완제품 이격 15cm 이상":true,"포장재 별도 보관 확인":true,"부적합품 별도 구역 보관":true,"폐기물 밀폐 보관":true,"작업자 위생복·위생모 착용":true,"손 세척 설비 정상 가동":true,"성애 제거 완료":true}'::jsonb),
  ('2026-04-06','w_proc1','박서연','가공팀',
   '{"해동육 일지 작성 완료":true,"냉장 온도 0~5°C 확인":true,"냉동 온도 -18°C 이하 확인":true,"원료·완제품 이격 15cm 이상":true,"포장재 별도 보관 확인":true,"부적합품 별도 구역 보관":true,"폐기물 밀폐 보관":true,"작업자 위생복·위생모 착용":true,"손 세척 설비 정상 가동":true,"성애 제거 완료":true}'::jsonb),
  ('2026-04-12','w_proc2','최태양','가공팀',
   '{"해동육 일지 작성 완료":true,"냉장 온도 0~5°C 확인":true,"냉동 온도 -18°C 이하 확인":true,"원료·완제품 이격 15cm 이상":true,"포장재 별도 보관 확인":true,"부적합품 별도 구역 보관":true,"폐기물 밀폐 보관":true,"작업자 위생복·위생모 착용":true,"손 세척 설비 정상 가동":true,"성애 제거 완료":true}'::jsonb),
  ('2026-04-13','w_skin1','정하늘','스킨팀',
   '{"해동육 일지 작성 완료":true,"냉장 온도 0~5°C 확인":true,"냉동 온도 -18°C 이하 확인":true,"원료·완제품 이격 15cm 이상":true,"포장재 별도 보관 확인":true,"부적합품 별도 구역 보관":true,"폐기물 밀폐 보관":true,"작업자 위생복·위생모 착용":true,"손 세척 설비 정상 가동":true,"성애 제거 완료":true}'::jsonb)
ON CONFLICT DO NOTHING;


-- ────────────────────────────────────────────────────────────
-- 3. 납품전표 (deliveries) — 20 rows
--    거래처: bhc, 교촌치킨, 하남돼지집, 이마트, 홈플러스,
--            쿠팡풀필먼트, GS리테일, CJ프레시웨이, 아워홈, 삼진식품
-- ────────────────────────────────────────────────────────────

-- 먼저 신규 거래처 추가 (기존 고객 테이블과 충돌 방지)
INSERT INTO customers (name, type, contact_name, phone, payment_terms, products, monthly_avg, active)
VALUES
  ('bhc본사',       '프랜차이즈','윤BHC',  '02-777-8888', 45, ARRAY['막창','껍데기(자숙)','귀'],   45000000, true),
  ('교촌치킨',      '프랜차이즈','김교촌', '02-888-9999', 45, ARRAY['통머리','조각머리'],           38000000, true),
  ('하남돼지집',    '식당',      '이하남', '031-222-3333', 30, ARRAY['족발(생)','막창','혀'],        22000000, true),
  ('이마트',        '도소매',    '박이마', '02-111-2222', 60, ARRAY['통머리','귀','등뼈'],           55000000, true),
  ('홈플러스',      '도소매',    '최홈플', '02-333-4444', 60, ARRAY['조각머리','족발(생)','두골'],   48000000, true),
  ('쿠팡풀필먼트',  '택배',      '정쿠팡', '1577-7011',   30, ARRAY['껍데기(자숙)','족발(생)'],     35000000, true),
  ('GS리테일',      '도소매',    '강GS',  '02-555-6666', 45, ARRAY['통머리','귀','혀'],             30000000, true),
  ('CJ프레시웨이',  '가공업체',  '한CJ',  '02-666-7777', 45, ARRAY['막창','등뼈','두골'],           42000000, true),
  ('아워홈',        '가공업체',  '오아워', '02-777-8880', 45, ARRAY['통머리','족발(생)','껍데기(자숙)'], 38000000, true),
  ('삼진식품',      '가공업체',  '김삼진', '051-888-9990', 30, ARRAY['혀','귀','막창'],              25000000, true)
ON CONFLICT (name) DO NOTHING;

INSERT INTO deliveries
  (delivery_date, customer_name, dept, items, total_amount, status, driver, invoice_no, notes)
VALUES
  ('2026-04-01','bhc본사','배송팀',
   '[{"product":"막창","qty_kg":200,"unit_price":6500,"amount":1300000},{"product":"껍데기(자숙)","qty_kg":150,"unit_price":3500,"amount":525000}]'::jsonb,
   1825000, 'delivered', '서아영', 'INV-20260401-001', NULL),
  ('2026-04-01','교촌치킨','배송팀',
   '[{"product":"통머리","qty_kg":300,"unit_price":12000,"amount":3600000}]'::jsonb,
   3600000, 'delivered', '김태호', 'INV-20260401-002', NULL),
  ('2026-04-02','하남돼지집','배송팀',
   '[{"product":"족발(생)","qty_kg":80,"unit_price":6800,"amount":544000},{"product":"막창","qty_kg":50,"unit_price":6500,"amount":325000}]'::jsonb,
   869000, 'delivered', '박준영', 'INV-20260402-001', NULL),
  ('2026-04-02','이마트','배송팀',
   '[{"product":"통머리","qty_kg":500,"unit_price":12000,"amount":6000000},{"product":"귀","qty_kg":200,"unit_price":4500,"amount":900000}]'::jsonb,
   6900000, 'delivered', '서아영', 'INV-20260402-002', NULL),
  ('2026-04-03','홈플러스','배송팀',
   '[{"product":"조각머리","qty_kg":400,"unit_price":9000,"amount":3600000},{"product":"두골","qty_kg":300,"unit_price":1200,"amount":360000}]'::jsonb,
   3960000, 'delivered', '김태호', 'INV-20260403-001', NULL),
  ('2026-04-04','쿠팡풀필먼트','배송팀',
   '[{"product":"껍데기(자숙)","qty_kg":350,"unit_price":3500,"amount":1225000},{"product":"족발(생)","qty_kg":200,"unit_price":6800,"amount":1360000}]'::jsonb,
   2585000, 'delivered', '박준영', 'INV-20260404-001', NULL),
  ('2026-04-04','GS리테일','배송팀',
   '[{"product":"통머리","qty_kg":250,"unit_price":12000,"amount":3000000},{"product":"혀","qty_kg":100,"unit_price":8000,"amount":800000}]'::jsonb,
   3800000, 'delivered', '서아영', 'INV-20260404-002', NULL),
  ('2026-04-07','CJ프레시웨이','배송팀',
   '[{"product":"막창","qty_kg":300,"unit_price":6500,"amount":1950000},{"product":"등뼈","qty_kg":400,"unit_price":1800,"amount":720000}]'::jsonb,
   2670000, 'delivered', '김태호', 'INV-20260407-001', NULL),
  ('2026-04-07','아워홈','배송팀',
   '[{"product":"통머리","qty_kg":350,"unit_price":12000,"amount":4200000},{"product":"족발(생)","qty_kg":150,"unit_price":6800,"amount":1020000}]'::jsonb,
   5220000, 'delivered', '박준영', 'INV-20260407-002', NULL),
  ('2026-04-08','삼진식품','배송팀',
   '[{"product":"혀","qty_kg":120,"unit_price":8000,"amount":960000},{"product":"귀","qty_kg":180,"unit_price":4500,"amount":810000}]'::jsonb,
   1770000, 'delivered', '서아영', 'INV-20260408-001', NULL),
  ('2026-04-08','bhc본사','배송팀',
   '[{"product":"막창","qty_kg":250,"unit_price":6500,"amount":1625000},{"product":"귀","qty_kg":200,"unit_price":4500,"amount":900000}]'::jsonb,
   2525000, 'delivered', '김태호', 'INV-20260408-002', NULL),
  ('2026-04-09','교촌치킨','배송팀',
   '[{"product":"조각머리","qty_kg":350,"unit_price":9000,"amount":3150000}]'::jsonb,
   3150000, 'delivered', '박준영', 'INV-20260409-001', NULL),
  ('2026-04-09','이마트','배송팀',
   '[{"product":"등뼈","qty_kg":500,"unit_price":1800,"amount":900000},{"product":"귀","qty_kg":300,"unit_price":4500,"amount":1350000}]'::jsonb,
   2250000, 'delivered', '서아영', 'INV-20260409-002', NULL),
  ('2026-04-10','하남돼지집','배송팀',
   '[{"product":"족발(생)","qty_kg":100,"unit_price":6800,"amount":680000},{"product":"혀","qty_kg":60,"unit_price":8000,"amount":480000}]'::jsonb,
   1160000, 'delivered', '김태호', 'INV-20260410-001', NULL),
  ('2026-04-10','홈플러스','배송팀',
   '[{"product":"족발(생)","qty_kg":300,"unit_price":6800,"amount":2040000},{"product":"조각머리","qty_kg":200,"unit_price":9000,"amount":1800000}]'::jsonb,
   3840000, 'delivered', '박준영', 'INV-20260410-002', NULL),
  ('2026-04-11','쿠팡풀필먼트','배송팀',
   '[{"product":"껍데기(자숙)","qty_kg":400,"unit_price":3500,"amount":1400000}]'::jsonb,
   1400000, 'delivered', '서아영', 'INV-20260411-001', NULL),
  ('2026-04-11','CJ프레시웨이','배송팀',
   '[{"product":"두골","qty_kg":500,"unit_price":1200,"amount":600000},{"product":"막창","qty_kg":250,"unit_price":6500,"amount":1625000}]'::jsonb,
   2225000, 'delivered', '김태호', 'INV-20260411-002', NULL),
  ('2026-04-14','GS리테일','배송팀',
   '[{"product":"귀","qty_kg":250,"unit_price":4500,"amount":1125000},{"product":"통머리","qty_kg":200,"unit_price":12000,"amount":2400000}]'::jsonb,
   3525000, 'shipped', '박준영', 'INV-20260414-001', NULL),
  ('2026-04-14','아워홈','배송팀',
   '[{"product":"껍데기(자숙)","qty_kg":300,"unit_price":3500,"amount":1050000},{"product":"통머리","qty_kg":400,"unit_price":12000,"amount":4800000}]'::jsonb,
   5850000, 'shipped', '서아영', 'INV-20260414-002', NULL),
  ('2026-04-15','삼진식품','배송팀',
   '[{"product":"막창","qty_kg":200,"unit_price":6500,"amount":1300000},{"product":"혀","qty_kg":150,"unit_price":8000,"amount":1200000}]'::jsonb,
   2500000, 'shipped', '김태호', 'INV-20260415-001', NULL)
ON CONFLICT DO NOTHING;


-- ────────────────────────────────────────────────────────────
-- 4. 클레임 (claims) — 5 rows
--    품질불량, 수량부족, 온도이탈, 포장불량
-- ────────────────────────────────────────────────────────────

INSERT INTO claims
  (claim_date, worker_id, worker_name, dept, client_name, product_names, claim_type, content, status)
VALUES
  ('2026-04-02','w_cs1','윤미래','CS팀','bhc본사',
   ARRAY['막창'], '품질불량', '4/1 납품분 막창 일부 변색 확인. 냉동 상태 정상이나 색상 이상 보고.', 'resolved'),
  ('2026-04-04','w_cs1','윤미래','CS팀','이마트',
   ARRAY['귀'], '수량부족', '4/2 납품분 귀 200kg 주문 대비 185kg 수령. 15kg 부족.', 'resolved'),
  ('2026-04-08','w_cs1','윤미래','CS팀','쿠팡풀필먼트',
   ARRAY['족발(생)'], '온도이탈', '4/4 납품 족발(생) 입고 시 내부온도 -12°C 측정. 기준 -18°C 미달.', 'in_progress'),
  ('2026-04-10','w_cs1','윤미래','CS팀','교촌치킨',
   ARRAY['통머리'], '포장불량', '4/1 납품분 통머리 3박스 진공포장 파손 확인.', 'pending'),
  ('2026-04-14','w_cs1','윤미래','CS팀','하남돼지집',
   ARRAY['혀','족발(생)'], '수량부족', '4/10 납품분 혀 60kg 중 55kg만 수령. 족발 100kg 중 95kg.', 'pending')
ON CONFLICT DO NOTHING;


-- ────────────────────────────────────────────────────────────
-- 5. 부서별 보고 (dept_reports) — 11 rows
--    report_date: 2026-04-14 (최신 보고일)
--    manager_name은 auth.ts의 MOCK_USERS에 매칭
-- ────────────────────────────────────────────────────────────

INSERT INTO dept_reports
  (report_date, dept, manager_id, manager_name, rag_status,
   issue, detail, next_action, status)
VALUES
  ('2026-04-14','생산팀','prod','생산팀장','green',
   '수율 92.3% 달성 — 목표 대비 정상 운영',
   '1~2라인 가동률 98%. 3라인 컨베이어 벨트 교체 완료 후 정상 가동. 일평균 투입량 680kg.',
   '4월 하반기 물량 증가 대비 야근 계획 수립', 'submitted'),

  ('2026-04-14','가공팀','process','가공팀장','green',
   '막창·혀·족발 정상 생산, 수율 89.5%',
   '가공팀 수율은 원물 특성상 85~90% 범위 정상. 족발(생) 수요 증가로 야근 1회 실시.',
   '족발 수요 증가 대비 인력 추가 배치 검토', 'submitted'),

  ('2026-04-14','스킨팀','skin','스킨팀장','yellow',
   '껍데기(자숙) 수율 87.5% — 목표 90% 미달',
   '자숙 공정 중 수분 손실 증가. 보일러 온도 조절 필요. 4/11 이후 개선 추세.',
   '보일러 온도 세팅 최적화 테스트 진행 (4/16~)', 'submitted'),

  ('2026-04-14','재고팀','stock','재고담당','yellow',
   '냉동실A 적재율 92% — 공간 부족 주의',
   '통머리·조각머리 재고 누적. 출하 속도 대비 생산량 과잉 조짐. 냉동실B 여유 있음.',
   '냉동실B로 일부 이관 및 출하 스케줄 조정', 'submitted'),

  ('2026-04-14','품질팀','quality','품질팀장','green',
   '위생점검 합격률 86.7% (15건 중 13건 전항목 통과)',
   '부적합 2건: 냉동온도 미달 1건, 부적합품 구역 보관 미비 1건. 즉시 시정 완료.',
   'HACCP 자체점검 4/18 예정. BHC 감사 대응 자료 최종 확인', 'submitted'),

  ('2026-04-14','배송팀','delivery','배송팀장','green',
   '납기 준수율 97.5% — 40건 중 39건 정시 납품',
   '4/4 쿠팡 납품 건 온도이탈 클레임 발생. 냉동차 점검 완료. 이후 이상 없음.',
   '냉동차 온도 모니터링 시스템 도입 검토 (IoT 센서)', 'submitted'),

  ('2026-04-14','CS팀','cs','CS팀장','red',
   '클레임 5건 접수 — 처리 평균 36시간 (기준 24시간 초과)',
   '온도이탈 1건 진행중, 수량부족·포장불량 2건 미처리. 인력 부족으로 대응 지연.',
   'CS 외주 인력 1명 채용 긴급 요청. 클레임 SLA 재설정 논의', 'submitted'),

  ('2026-04-14','마케팅팀','marketing','마케팅팀장','green',
   '4월 매출 전월 대비 +8.2% 예상',
   '아워홈·CJ프레시웨이 거래량 증가. bhc 단가 재협상 완료 (kg당 +200원). 신규 거래처 삼진식품 첫 납품 개시.',
   'GS리테일 PB상품 제안서 제출 (4/18)', 'submitted'),

  ('2026-04-14','회계팀','account','회계팀장','green',
   '미수금 2.5억 — 전월 3.8억 대비 감소',
   '대성푸드 1.2억 회수 완료. 한우마트 8천만원 분할 수금 협의 중. 현재 현금 잔고 4.8억.',
   '한우마트 잔여 미수금 4/20까지 회수 목표', 'submitted'),

  ('2026-04-14','온라인팀','online','온라인팀장','green',
   '쿠팡 ROAS 325% — 4월 프로모션 진행 중',
   '쿠팡 족발·껍데기 세트 프로모션 매출 +22%. 자사몰 회원 300명 돌파.',
   '네이버 스마트스토어 입점 준비 (4월 말)', 'submitted'),

  ('2026-04-14','개발팀','dev','개발이사','green',
   'ERP 시스템 CEO 대시보드 개발 완료',
   'CEO 대시보드 v1.0 출시. 실시간 KPI, 부서별 보고, 클레임 현황 통합 조회 가능.',
   '모바일 반응형 최적화 및 알림 기능 추가 (4월 말)', 'submitted')
ON CONFLICT (report_date, dept) DO UPDATE
  SET rag_status = EXCLUDED.rag_status,
      issue = EXCLUDED.issue,
      detail = EXCLUDED.detail,
      next_action = EXCLUDED.next_action;


-- ────────────────────────────────────────────────────────────
-- 6. 원재료 매입 (material_purchases) — 15 rows
--    공급업체: 농협유통, 한돈유통, 대한미트, 새벽축산
-- ────────────────────────────────────────────────────────────

INSERT INTO material_purchases
  (purchase_date, material_name, product_code, supplier, quantity, unit,
   unit_price, total_cost, remaining_qty, invoice_no, notes, recorded_by)
VALUES
  ('2026-04-01','통머리(원물)','R001','농협유통',  2000,'kg', 4500, 9000000,  800, 'PO-20260401-01','4월 첫 입고','공장장'),
  ('2026-04-01','내장세트',    NULL,  '한돈유통',  1200,'kg', 3500, 4200000,  500, 'PO-20260401-02', NULL, '공장장'),
  ('2026-04-02','껍데기(원피)',NULL,  '대한미트',  1500,'kg', 3000, 4500000,  600, 'PO-20260402-01', NULL, '공장장'),
  ('2026-04-02','뼈세트',      NULL,  '농협유통',   800,'kg', 3200, 2560000,  350, 'PO-20260402-02','등뼈+두골 혼합', '공장장'),
  ('2026-04-03','족(원물)',    NULL,  '새벽축산',  1000,'kg', 5500, 5500000,  400, 'PO-20260403-01', NULL, '공장장'),
  ('2026-04-04','통머리(원물)','R001','농협유통',  1800,'kg', 4500, 8100000,  650, 'PO-20260404-01', NULL, '공장장'),
  ('2026-04-07','내장세트',    NULL,  '한돈유통',  1500,'kg', 3500, 5250000,  700, 'PO-20260407-01','주초 대량 입고', '공장장'),
  ('2026-04-07','껍데기(원피)',NULL,  '대한미트',  1200,'kg', 3000, 3600000,  550, 'PO-20260407-02', NULL, '공장장'),
  ('2026-04-08','통머리(원물)','R001','농협유통',  2200,'kg', 4500, 9900000, 1100, 'PO-20260408-01','물량 증가분', '공장장'),
  ('2026-04-09','뼈세트',      NULL,  '농협유통',  1000,'kg', 3200, 3200000,  600, 'PO-20260409-01', NULL, '공장장'),
  ('2026-04-09','족(원물)',    NULL,  '새벽축산',   800,'kg', 5500, 4400000,  500, 'PO-20260409-02', NULL, '공장장'),
  ('2026-04-10','통머리(원물)','R001','농협유통',  1900,'kg', 4500, 8550000, 1200, 'PO-20260410-01', NULL, '공장장'),
  ('2026-04-11','내장세트',    NULL,  '한돈유통',  1300,'kg', 3500, 4550000,  900, 'PO-20260411-01', NULL, '공장장'),
  ('2026-04-14','통머리(원물)','R001','농협유통',  2100,'kg', 4600, 9660000, 2100, 'PO-20260414-01','단가 100원 인상', '공장장'),
  ('2026-04-15','껍데기(원피)',NULL,  '대한미트',  1400,'kg', 3000, 4200000, 1400, 'PO-20260415-01','금일 입고', '공장장')
ON CONFLICT DO NOTHING;


-- ────────────────────────────────────────────────────────────
-- 7. Action Items (action_items) — 8 rows
--    다양한 상태: 완료, 진행중, 지연, 대기(진행)
-- ────────────────────────────────────────────────────────────

INSERT INTO action_items (title, dept, deadline, status, created_by, note)
VALUES
  ('bhc 4월 단가 재협상 최종 서명',     '마케팅팀', '2026-04-15', '완료', 'coo', 'kg당 200원 인상 합의 완료'),
  ('냉동차 온도 모니터링 IoT 센서 도입', '배송팀',   '2026-04-30', '진행', 'coo', '업체 3곳 견적 비교 중'),
  ('CS팀 외주 인력 1명 채용',           'CS팀',     '2026-04-20', '진행', 'coo', '인력사무소 통해 면접 진행 중'),
  ('3라인 컨베이어 벨트 교체',          '생산팀',   '2026-04-10', '완료', 'coo', '4/9 교체 완료, 정상 가동 확인'),
  ('한우마트 미수금 8천만원 회수',       '회계팀',   '2026-04-20', '진행', 'coo', '분할 수금 2회차 4/15 예정'),
  ('네이버 스마트스토어 입점 준비',      '온라인팀', '2026-04-30', '진행', 'coo', '상품 촬영 완료, 상세페이지 제작 중'),
  ('스킨팀 보일러 온도 최적화',         '스킨팀',   '2026-04-18', '지연', 'coo', '보일러 부품 입고 지연으로 일정 변경'),
  ('HACCP 자체점검 4월분',              '품질팀',   '2026-04-18', '진행', 'coo', '점검 체크리스트 준비 완료')
ON CONFLICT DO NOTHING;


-- ────────────────────────────────────────────────────────────
-- 8. 월간 KPI (monthly_kpi) — 6 rows
--    2026-04 (진행중) + 2026-03 (전월 확정)
-- ────────────────────────────────────────────────────────────

INSERT INTO monthly_kpi (year_month, dept, kpi_key, target, actual, unit, note)
VALUES
  ('2026-04','전사','revenue',       1833333333, 1600000000, '원', '4/15 기준 잠정치 — 16억 (월말 20억 예상)'),
  ('2026-04','전사','profit_margin',         10,        7.2, '%',  '원재료 단가 인상 영향'),
  ('2026-04','전사','cash_balance',  1000000000,  480000000, '원', '현금 잔고 4.8억'),
  ('2026-04','전사','receivables',    200000000,  250000000, '원', '미수금 2.5억 (전월 대비 감소)'),
  ('2026-03','전사','revenue',       1833333333, 1850000000, '원', '3월 확정 18.5억'),
  ('2026-03','전사','profit_margin',         10,        8.1, '%',  '3월 확정')
ON CONFLICT (year_month, dept, kpi_key) DO UPDATE
  SET actual = EXCLUDED.actual,
      note = EXCLUDED.note;


-- ────────────────────────────────────────────────────────────
-- 9. 냉동 재고 (frozen_inventory) — 20 rows
--    inventory_date: 2026-04-15
--    일부 재고 부족 (안전재고 미달) + 유통기한 임박
-- ────────────────────────────────────────────────────────────

INSERT INTO frozen_inventory
  (inventory_date, section, side, product_name, unit, prev_stock,
   usage_qty, incoming_qty, outgoing_qty, current_stock)
VALUES
  ('2026-04-15','냉동실A','product','통머리',         'kg', 1200, 300, 664, 500,  1064),
  ('2026-04-15','냉동실A','product','조각머리',       'kg',  850, 200, 527, 350,   827),
  ('2026-04-15','냉동실A','product','귀',             'kg',  600, 100, 0,   450,    50),
  ('2026-04-15','냉동실A','product','혀',             'kg',  380,  80, 315, 240,   375),
  ('2026-04-15','냉동실A','product','관자',           'kg',   95,  20,   0,  30,    45),
  ('2026-04-15','냉동실B','product','막창',           'kg',  500, 120, 320, 400,   300),
  ('2026-04-15','냉동실B','product','껍데기(자숙)',   'kg',  900, 200, 440, 700,   440),
  ('2026-04-15','냉동실B','product','족발(생)',       'kg',  420, 100, 374, 350,   344),
  ('2026-04-15','냉동실B','product','두골',           'kg',  650, 150, 306, 500,   306),
  ('2026-04-15','냉동실B','product','등뼈',           'kg',  480, 100, 276, 400,   256),
  ('2026-04-15','냉동실A','product','덜미(면도귀X)',  'kg',  180,  30,   0,  50,   100),
  ('2026-04-15','냉동실A','product','꽃살',           'kg',   65,  15,   0,  25,    25),
  ('2026-04-15','냉동실A','product','뼛살',           'kg',  120,  20,   0,  40,    60),
  ('2026-04-15','냉장고','product','육수(500ml)',     '개',  500, 150,   0, 200,   150),
  ('2026-04-15','냉장고','product','육수(1L)',        '개',  300,  80,   0, 120,   100),
  ('2026-04-15','냉동실A','raw','통머리(원물)',       'kg', 2500, 700, 2100,   0,  3900),
  ('2026-04-15','냉동실B','raw','내장세트(원물)',     'kg', 1800, 500,  900,   0,  2200),
  ('2026-04-15','냉동실B','raw','껍데기(원피)',       'kg', 1200, 400, 1400,   0,  2200),
  ('2026-04-15','냉동실B','raw','뼈세트(원물)',       'kg',  800, 250,  600,   0,  1150),
  ('2026-04-15','냉동실B','raw','족(원물)',           'kg',  600, 300,  500,   0,   800)
ON CONFLICT (inventory_date, section, product_name) DO UPDATE
  SET current_stock = EXCLUDED.current_stock,
      prev_stock = EXCLUDED.prev_stock,
      usage_qty = EXCLUDED.usage_qty,
      incoming_qty = EXCLUDED.incoming_qty,
      outgoing_qty = EXCLUDED.outgoing_qty;


-- ────────────────────────────────────────────────────────────
-- 10. 유틸리티 비용 (utility_logs) — 4 rows
--     2026년 1~4월 월별 비용 추이
-- ────────────────────────────────────────────────────────────

INSERT INTO utility_logs
  (log_month, electricity_kwh, electricity_cost, water_tap_ton, water_tap_cost,
   water_ground_ton, water_ground_cost, gas_m3, gas_cost, total_cost, memo, recorded_by)
VALUES
  ('2026-01', 42000, 5880000, 320, 640000, 180, 270000, 2800, 3920000, 10710000, '설 연휴 가동 중단 영향', '회계팀장'),
  ('2026-02', 45000, 6300000, 350, 700000, 200, 300000, 3100, 4340000, 11640000, NULL, '회계팀장'),
  ('2026-03', 48000, 6720000, 380, 760000, 220, 330000, 3300, 4620000, 12430000, '물량 증가에 따른 비용 증가', '회계팀장'),
  ('2026-04', 46000, 6440000, 360, 720000, 210, 315000, 3200, 4480000, 11955000, '4/15 기준 잠정치', '회계팀장')
ON CONFLICT (log_month) DO UPDATE
  SET electricity_kwh = EXCLUDED.electricity_kwh,
      electricity_cost = EXCLUDED.electricity_cost,
      water_tap_ton = EXCLUDED.water_tap_ton,
      water_tap_cost = EXCLUDED.water_tap_cost,
      water_ground_ton = EXCLUDED.water_ground_ton,
      water_ground_cost = EXCLUDED.water_ground_cost,
      gas_m3 = EXCLUDED.gas_m3,
      gas_cost = EXCLUDED.gas_cost,
      total_cost = EXCLUDED.total_cost,
      memo = EXCLUDED.memo;


-- ────────────────────────────────────────────────────────────
-- 11. 차량 마스터 (vehicles) — 3 rows
-- ────────────────────────────────────────────────────────────

INSERT INTO vehicles (vehicle_name, vehicle_number, vehicle_type, capacity_ton, fuel_type, fuel_efficiency, is_active, last_mileage, notes)
VALUES
  ('1톤냉동',   '12가3456', '냉동',   1.0, '경유', 8.0, true, 48520, '시내 단거리 배송용'),
  ('3.5톤냉장', '34나5678', '냉장',   3.5, '경유', 6.0, true, 92340, '수도권 중거리 배송'),
  ('5톤윙바디', '56다7890', '윙바디', 5.0, '경유', 5.0, true, 135680, '장거리·대량 납품용')
ON CONFLICT (vehicle_number) DO UPDATE
  SET last_mileage = EXCLUDED.last_mileage,
      notes = EXCLUDED.notes;


-- ────────────────────────────────────────────────────────────
-- 12. 배차일지 (dispatch_logs) — 6 rows
-- ────────────────────────────────────────────────────────────

INSERT INTO dispatch_logs
  (dispatch_date, vehicle_name, vehicle_number, driver_id, driver_name, dept,
   start_mileage, end_mileage, destinations, delivery_count,
   start_time, end_time, fuel_type, fuel_filled, fuel_cost, issues, status)
VALUES
  ('2026-04-07','1톤냉동','12가3456','w_del1','오성민','배송팀',
   48120, 48195, 'CJ프레시웨이, 하남돼지집', 2, '07:30', '11:45', '경유', NULL, NULL, NULL, 'returned'),
  ('2026-04-08','3.5톤냉장','34나5678','w_del1','오성민','배송팀',
   91980, 92120, '삼진식품, bhc본사, 이마트', 3, '06:00', '13:30', '경유', 60.0, 96000, NULL, 'returned'),
  ('2026-04-09','5톤윙바디','56다7890','w_del1','오성민','배송팀',
   135200, 135420, '교촌치킨, 이마트(안성물류)', 2, '05:30', '12:00', '경유', 80.0, 128000, NULL, 'returned'),
  ('2026-04-10','1톤냉동','12가3456','w_del1','오성민','배송팀',
   48195, 48280, '하남돼지집, 홈플러스(일산)', 2, '07:00', '12:30', '경유', NULL, NULL, NULL, 'returned'),
  ('2026-04-14','3.5톤냉장','34나5678','w_del1','오성민','배송팀',
   92120, 92340, 'GS리테일(용인), 아워홈(이천)', 2, '06:30', '14:00', '경유', 55.0, 88000, NULL, 'returned'),
  ('2026-04-15','1톤냉동','12가3456','w_del1','오성민','배송팀',
   48280, 48520, '삼진식품(부산)', 1, '05:00', NULL, '경유', NULL, NULL, NULL, 'departed')
ON CONFLICT DO NOTHING;


-- ────────────────────────────────────────────────────────────
-- 13. 설비 수리 이력 (maintenance_logs) — 5 rows
-- ────────────────────────────────────────────────────────────

INSERT INTO maintenance_logs
  (equipment_name, dept, log_date, log_type, description, parts_used, cost, technician, result, next_check_date, recorded_by)
VALUES
  ('슬라이서 A라인',   '가공팀', '2026-04-02', '점검', '월초 정기 점검. 칼날 마모도 확인.', '슬라이서 칼날 1세트', 180000, '외주(한성기계)', '완료', '2026-05-02', '가공팀장'),
  ('진공포장기 1호',   '가공팀', '2026-04-05', '수리', '포장 불량 다발로 점검. 실링부 히터 교체.', '실링 히터 1개', 250000, '외주(진공테크)', '완료', '2026-04-20', '가공팀장'),
  ('냉동콤프레셔 A동', '생산팀', '2026-04-08', '점검', '냉동 온도 이상 알림 후 점검. 냉매 보충.', '냉매(R404a) 5kg', 320000, '외주(냉동마스터)', '완료', '2026-07-08', '생산팀장'),
  ('컨베이어벨트 3라인','생산팀', '2026-04-09', '교체', '벨트 마모로 수율 저하. 전체 교체.', '컨베이어벨트 1식', 850000, '외주(한성기계)', '완료', '2026-10-09', '생산팀장'),
  ('보일러 (자숙용)',  '스킨팀', '2026-04-11', '점검', '자숙 온도 불안정. 버너 노즐 청소 및 점검.', NULL, 0, '자체점검', '진행중', '2026-04-18', '스킨팀장')
ON CONFLICT DO NOTHING;


-- ────────────────────────────────────────────────────────────
-- 14. 비용 승인 (cost_approvals) — 3 rows
--     pending 상태의 승인 대기 건
-- ────────────────────────────────────────────────────────────

INSERT INTO cost_approvals
  (title, dept, requested_by, request_date, amount, status, comment)
VALUES
  ('4월 포장재 정기 구매 (진공백·스티로폼)',  '가공팀', '가공팀장', '2026-04-10', 3200000, 'pending', '월 소모량 기준. 진공백(소) 5,000장 + 스티로폼(중) 500개'),
  ('냉동콤프레셔 A동 냉매 보충 비용',        '생산팀', '생산팀장', '2026-04-08',  320000, 'pending', '긴급 수리. 외주업체 냉동마스터 청구서 기준'),
  ('1톤냉동차 정기 점검 및 타이어 교체',      '배송팀', '배송팀장', '2026-04-12',  580000, 'pending', '주행거리 48,000km 도달. 타이어 4본 + 엔진오일 교체')
ON CONFLICT DO NOTHING;


-- ============================================================
-- 데모 데이터 삽입 완료
-- 총 14개 섹션, 약 160+ 행
-- 실행 후 CEO 대시보드에서 확인하세요
-- ============================================================
